dataset,metric,value
bio-CE-PG,gcc,0.3208356459697971
bio-CE-PG,alcc,0.4466932007590472
bio-CE-PG,k4_count,9608852.0
bio-CE-PG,k4_density,2.8237251726886397e-05
bio-CE-PG,C3_global,0.2465664397327217
bio-CE-PG,C3_avg_local,0.1221576646808128
bio-SC-HT,gcc,0.376593975509509
bio-SC-HT,alcc,0.3502090626628194
bio-SC-HT,k4_count,26302487.0
bio-SC-HT,k4_density,3.401867212812725e-05
bio-SC-HT,C3_global,0.30851142627608436
bio-SC-HT,C3_avg_local,0.11095003662864969
