dataset,model,model_key,method,metric,real,mean_sim,std_sim,ci_low,ci_high,p_value,reject,n_sims
bio-CE-PG,Erdős–Rényi,ER,EDGEIND,gcc,0.3208356459697971,0.03310117786317761,0.00022139509565192436,0.03272758376758769,0.033521905870587176,0.019801980198019802,True,100
bio-CE-PG,Erdős–Rényi,ER,EDGEIND,alcc,0.4466932007590472,0.033095493238127036,0.0002230487926212855,0.03268884561594033,0.03349849834233971,0.019801980198019802,True,100
bio-CE-PG,Erdős–Rényi,ER,EDGEIND,k4_count,9608852.0,445.98,26.081062443501377,403.425,498.0,0.019801980198019802,True,100
bio-CE-PG,Erdős–Rényi,ER,EDGEIND,k4_density,2.8237251726886397e-05,1.3105883538592118e-09,7.664365373946766e-11,1.1855332226908214e-09,1.4634580030985415e-09,0.019801980198019802,True,100
bio-CE-PG,Erdős–Rényi,ER,EDGEIND,C3_global,0.2465664397327217,0.001093725383197453,5.586275082677363e-05,0.0010023059672631777,0.0011870097514307802,0.019801980198019802,True,100
bio-CE-PG,Erdős–Rényi,ER,EDGEIND,C3_avg_local,0.1221576646808128,0.0003503269377331397,1.819335045846497e-05,0.00031955225325561957,0.00038343404387595635,0.019801980198019802,True,100
